{
  "schema_version": 1,
  "created_at_utc": "2026-07-20T03:57:48.502396+00:00",
  "architecture": "DenseNet201 frozen feature extractor plus retrained linear head",
  "source_model_sha256": "81a4ec243781885a6a835bbd94392cd391ed6b7d8274e732911330cff33afbf4",
  "model_path": "densenet201-expanded.h5",
  "model_sha256": "bd0f626d629a34bc525d0320c726df7bd84e673c78deeaa629d5191623357fa2",
  "manifest_sha256": "9866dfc60c25747b431c19e8fc0ec375f208c3cc60cf1e2e3710be3600db27d2",
  "class_order": [
    "freshapples",
    "freshbanana",
    "freshoranges",
    "freshmango",
    "freshtomato",
    "freshpear",
    "rottenapples",
    "rottenbanana",
    "rottenoranges",
    "rottenmango",
    "rottentomato",
    "rottenpear"
  ],
  "split_images": {
    "train": 18598,
    "validation": 4026,
    "test": 4043
  },
  "feature_extraction_seconds": 184.142494828,
  "epochs_completed": 60,
  "best_validation_accuracy": 0.9038748145103455,
  "test_metrics": {
    "images": 4043,
    "accuracy": 0.8896858768241405,
    "macro_f1": 0.8953578850942359,
    "mean_confidence": 0.8929519649855784,
    "rotten_images": 2158,
    "rotten_to_fresh_errors": 123,
    "rotten_to_fresh_rate": 0.056997219647822055,
    "per_class": {
      "freshapples": {
        "support": 324,
        "precision": 0.9848024316109423,
        "recall": 1.0,
        "f1": 0.9923430321592649
      },
      "freshbanana": {
        "support": 305,
        "precision": 0.9931506849315068,
        "recall": 0.9508196721311475,
        "f1": 0.9715242881072027
      },
      "freshoranges": {
        "support": 207,
        "precision": 0.9187817258883249,
        "recall": 0.8743961352657005,
        "f1": 0.896039603960396
      },
      "freshmango": {
        "support": 418,
        "precision": 0.7454954954954955,
        "recall": 0.7918660287081339,
        "f1": 0.7679814385150812
      },
      "freshtomato": {
        "support": 478,
        "precision": 0.8940397350993378,
        "recall": 0.8472803347280334,
        "f1": 0.8700322234156821
      },
      "freshpear": {
        "support": 153,
        "precision": 0.6985645933014354,
        "recall": 0.954248366013072,
        "f1": 0.8066298342541436
      },
      "rottenapples": {
        "support": 414,
        "precision": 0.9901234567901235,
        "recall": 0.9685990338164251,
        "f1": 0.9792429792429792
      },
      "rottenbanana": {
        "support": 450,
        "precision": 0.9766899766899767,
        "recall": 0.9311111111111111,
        "f1": 0.9533560864618885
      },
      "rottenoranges": {
        "support": 332,
        "precision": 0.9637462235649547,
        "recall": 0.9608433734939759,
        "f1": 0.9622926093514329
      },
      "rottenmango": {
        "support": 438,
        "precision": 0.7545045045045045,
        "recall": 0.7648401826484018,
        "f1": 0.7596371882086167
      },
      "rottentomato": {
        "support": 380,
        "precision": 0.8487394957983193,
        "recall": 0.7973684210526316,
        "f1": 0.8222523744911805
      },
      "rottenpear": {
        "support": 144,
        "precision": 0.934640522875817,
        "recall": 0.9930555555555556,
        "f1": 0.962962962962963
      }
    },
    "confusion_matrix": [
      [
        324,
        0,
        0,
        0,
        0,
        0,
        0,
        0,
        0,
        0,
        0,
        0
      ],
      [
        0,
        290,
        0,
        6,
        0,
        4,
        1,
        0,
        0,
        4,
        0,
        0
      ],
      [
        0,
        0,
        181,
        17,
        0,
        0,
        0,
        0,
        0,
        0,
        9,
        0
      ],
      [
        3,
        1,
        1,
        331,
        19,
        25,
        0,
        0,
        1,
        31,
        6,
        0
      ],
      [
        0,
        0,
        2,
        35,
        405,
        6,
        0,
        0,
        1,
        13,
        16,
        0
      ],
      [
        0,
        0,
        2,
        3,
        0,
        146,
        0,
        0,
        0,
        2,
        0,
        0
      ],
      [
        2,
        0,
        0,
        0,
        0,
        0,
        401,
        0,
        0,
        6,
        1,
        4
      ],
      [
        0,
        0,
        0,
        0,
        0,
        0,
        0,
        419,
        0,
        27,
        2,
        2
      ],
      [
        0,
        0,
        9,
        1,
        1,
        0,
        0,
        0,
        319,
        0,
        2,
        0
      ],
      [
        0,
        1,
        0,
        43,
        1,
        23,
        3,
        8,
        2,
        335,
        18,
        4
      ],
      [
        0,
        0,
        2,
        8,
        27,
        5,
        0,
        2,
        8,
        25,
        303,
        0
      ],
      [
        0,
        0,
        0,
        0,
        0,
        0,
        0,
        0,
        0,
        1,
        0,
        143
      ]
    ]
  },
  "validity_warning": "Metrics use curated/source-export data, not an independently photographed store benchmark. The model must abstain on unsupported inputs and remain advisory."
}
