{
  "schema_version": 1,
  "created_at_utc": "2026-07-20T04:03:09.346517+00:00",
  "architecture": "DenseNet201 expanded head plus partial conv5 fine tuning",
  "input_model_sha256": "bd0f626d629a34bc525d0320c726df7bd84e673c78deeaa629d5191623357fa2",
  "model_path": "densenet201-expanded-finetuned.h5",
  "model_sha256": "8f893eb67cf46b79a5597eec9502ea5a119f2bbe949d84b6052ea4126e5920bc",
  "manifest_sha256": "9866dfc60c25747b431c19e8fc0ec375f208c3cc60cf1e2e3710be3600db27d2",
  "class_order": [
    "freshapples",
    "freshbanana",
    "freshoranges",
    "freshmango",
    "freshtomato",
    "freshpear",
    "rottenapples",
    "rottenbanana",
    "rottenoranges",
    "rottenmango",
    "rottentomato",
    "rottenpear"
  ],
  "first_trainable_dense_block": 29,
  "trainable_layers": [
    "conv5_block29_0_relu",
    "conv5_block29_1_conv",
    "conv5_block29_1_relu",
    "conv5_block29_2_conv",
    "conv5_block29_concat",
    "conv5_block30_0_relu",
    "conv5_block30_1_conv",
    "conv5_block30_1_relu",
    "conv5_block30_2_conv",
    "conv5_block30_concat",
    "conv5_block31_0_relu",
    "conv5_block31_1_conv",
    "conv5_block31_1_relu",
    "conv5_block31_2_conv",
    "conv5_block31_concat",
    "conv5_block32_0_relu",
    "conv5_block32_1_conv",
    "conv5_block32_1_relu",
    "conv5_block32_2_conv",
    "conv5_block32_concat",
    "expanded_predictions"
  ],
  "batch_size": 32,
  "epochs_completed": 5,
  "best_validation_accuracy": 0.9021360874176025,
  "test_metrics": {
    "images": 4043,
    "accuracy": 0.8812762799901064,
    "macro_f1": 0.8897937543016016,
    "mean_confidence": 0.8912994577069109,
    "rotten_images": 2158,
    "rotten_to_fresh_errors": 80,
    "rotten_to_fresh_rate": 0.03707136237256719,
    "per_class": {
      "freshapples": {
        "support": 324,
        "precision": 0.9700598802395209,
        "recall": 1.0,
        "f1": 0.9848024316109423
      },
      "freshbanana": {
        "support": 305,
        "precision": 0.9897959183673469,
        "recall": 0.9540983606557377,
        "f1": 0.9716193656093489
      },
      "freshoranges": {
        "support": 207,
        "precision": 0.9411764705882353,
        "recall": 0.927536231884058,
        "f1": 0.9343065693430658
      },
      "freshmango": {
        "support": 418,
        "precision": 0.7748815165876777,
        "recall": 0.7822966507177034,
        "f1": 0.7785714285714285
      },
      "freshtomato": {
        "support": 478,
        "precision": 0.9455040871934605,
        "recall": 0.7259414225941423,
        "f1": 0.8213017751479291
      },
      "freshpear": {
        "support": 153,
        "precision": 0.7647058823529411,
        "recall": 0.934640522875817,
        "f1": 0.8411764705882352
      },
      "rottenapples": {
        "support": 414,
        "precision": 0.99,
        "recall": 0.9565217391304348,
        "f1": 0.972972972972973
      },
      "rottenbanana": {
        "support": 450,
        "precision": 0.9790209790209791,
        "recall": 0.9333333333333333,
        "f1": 0.9556313993174061
      },
      "rottenoranges": {
        "support": 332,
        "precision": 0.9398280802292264,
        "recall": 0.9879518072289156,
        "f1": 0.9632892804698973
      },
      "rottenmango": {
        "support": 438,
        "precision": 0.7388392857142857,
        "recall": 0.7557077625570776,
        "f1": 0.7471783295711061
      },
      "rottentomato": {
        "support": 380,
        "precision": 0.7223476297968398,
        "recall": 0.8421052631578947,
        "f1": 0.7776427703523695
      },
      "rottenpear": {
        "support": 144,
        "precision": 0.8674698795180723,
        "recall": 1.0,
        "f1": 0.9290322580645161
      }
    },
    "confusion_matrix": [
      [
        324,
        0,
        0,
        0,
        0,
        0,
        0,
        0,
        0,
        0,
        0,
        0
      ],
      [
        0,
        291,
        0,
        5,
        0,
        3,
        1,
        0,
        0,
        5,
        0,
        0
      ],
      [
        0,
        0,
        192,
        6,
        0,
        0,
        0,
        0,
        0,
        0,
        9,
        0
      ],
      [
        5,
        1,
        3,
        327,
        8,
        20,
        0,
        0,
        1,
        43,
        10,
        0
      ],
      [
        2,
        0,
        2,
        38,
        347,
        5,
        0,
        0,
        1,
        18,
        65,
        0
      ],
      [
        0,
        0,
        2,
        4,
        0,
        143,
        0,
        0,
        0,
        4,
        0,
        0
      ],
      [
        2,
        0,
        0,
        0,
        0,
        0,
        396,
        0,
        0,
        3,
        2,
        11
      ],
      [
        0,
        0,
        0,
        0,
        0,
        0,
        0,
        420,
        0,
        22,
        5,
        3
      ],
      [
        0,
        0,
        3,
        0,
        0,
        0,
        0,
        0,
        328,
        0,
        1,
        0
      ],
      [
        0,
        2,
        0,
        34,
        1,
        13,
        3,
        7,
        8,
        331,
        31,
        8
      ],
      [
        1,
        0,
        2,
        8,
        11,
        3,
        0,
        2,
        11,
        22,
        320,
        0
      ],
      [
        0,
        0,
        0,
        0,
        0,
        0,
        0,
        0,
        0,
        0,
        0,
        144
      ]
    ]
  },
  "validity_warning": "Metrics use curated/source-export data, not an independently photographed store benchmark. The model must abstain on unsupported inputs and remain advisory."
}
